Water Retention,Rain This Week,Rain Next Week,Temp This Week,Temp Next Week,Water Needs,Water This Week,Water Today
0.35,0.38,0,75.41666667,75.5,5.446730695,2.165439322,7.420217261
0.38,0.21,0,65.25,65.5,4.493034102,2.172347924,5.295094849
0.25,0.58,0,80.91666667,81.5,1.459163858,2.678554788,1.781426438
0.38,1.24,0,39.75,40,1.370262277,0.031162392,1.407920234
0.15,0.08,0,21.25,21,4.264215384,0.104990021,4.876099189
0.3,0.28,0,63.5,64,2.355210878,1.019936193,2.671793284
0.35,0.43,0,43.175,45.5,0.06760937,2.514250582,-0.939215055
0.25,0.36,0,60.25,60,5.39804196,4.531955819,5.524563496
0.25,0.86,0,55.66666667,56,2.814311839,1.418417713,2.948285371
0.3,6.52,0,49.08333333,49,3.180131168,1.163755828,1.829043769
0.38,2.14,0,73.33333333,73,4.709075639,3.892144968,5.429215504
0.35,0.74,0,68.59166667,69.5,1.878741229,2.380942321,1.443970847
0.25,0.04,0,57.91666667,56.5,5.289171758,2.20170844,6.051037588
0.38,0.5,0,69.25,70,4.2874055,4.12944515,4.157430434
0.38,0.75,0,60.41666667,60,0.085968469,5.845234994,-2.38755281
0.15,0.06,0,34.75,34.5,3.163799862,3.670164904,3.078845105
0.38,0.01,0,78.5,79,0.735139964,4.857521724,-0.271301226
0.38,0.17,0.01,22.08333333,22,4.839214039,1.992684823,5.842495141
0.3,0.85,0,37.83333333,38,1.977918967,0.70427262,2.105012872
0.3,0.87,0,72.33333333,72.5,3.547943913,3.058074796,4.189742966
0.15,0.04,0,27.75,28,2.814774585,4.168554496,2.605707598
0.3,0.92,0,44.83333333,46.5,0.585533341,4.218623225,-0.780393624
0.25,2.15,0,60.5,61.5,2.996686448,3.395308217,2.359531006
0.25,0.52,0,34.91666667,34,2.041452809,0.570326171,2.279234468
0.3,0.6,0,75.16666667,75.5,1.453361691,1.383290602,1.632066832
0.35,1.33,0,79.5,80,2.359877563,5.218023414,1.785562036
0.3,1.89,0,59.66666667,59.5,2.693052007,3.797456436,1.794730678
0.15,0.01,0,74.58333333,75,2.266409764,2.175874751,2.621097441
0.38,0.01,0,50.58333333,48.5,1.746518586,0.22259534,2.32180942
0.25,0.51,0,62.91666667,62.5,1.129467933,4.802947899,0.083597941
0.25,4.9,0,57.75,57,5.505240413,2.582757606,5.010861115
0.3,1.16,0,52.575,52.5,2.994103165,1.644805677,3.050892411
0.15,0.08,0,51.41666667,50.5,0.443020691,1.338862933,0.296644355
0.3,1.98,0,59.91666667,59,2.140554323,4.8515359,0.733259849
0.35,0.02,0,10.05,12.5,5.584450274,0.741381818,7.272524234
0.35,1.2,0,33.26666667,33,2.671977244,0.512822247,3.007681493
0.15,0.3,0,61.58333333,61,5.870168263,3.882415957,6.123331109
0.35,1.41,0,73.24166667,74,1.350282806,0.83800219,1.415069393
0.15,0.24,0,53.33333333,53,4.550073782,0.483658228,5.124036115
0.25,0.06,0,61.5,59,5.7416936,5.665382395,5.745771401
0.35,0.45,0,35.58333333,34.5,5.43845685,2.709288623,6.236165729
0.35,0.06,0,77.58333333,76.5,3.7507348,2.456431225,4.909277982
0.35,0.62,0,42.08333333,42.5,2.666745087,5.364595882,1.505497309
0.35,0.19,0,72.41666667,72,5.147716187,4.036448535,6.534915797
0.15,0.04,0,69.16666667,67.5,1.523897404,0.820005277,1.623481223
0.35,0.8,0,28.83333333,28,1.457610399,1.871152498,1.032870664
0.35,1.51,0,34.58333333,34.5,3.702314891,4.795312013,2.791265899
0.35,0.8,0,54.08333333,55,2.011643413,5.286275169,0.585522298
0.15,0.75,0,46.75,45.5,0.927673329,4.279653033,0.312376373
0.38,0.31,0,67.925,68,0.605432418,3.925086467,-0.773836121
0.25,0.54,0,74.16666667,74,3.903518387,0.424128199,5.186563745
0.3,0.16,0,60.58333333,59.5,1.538763298,3.115172973,1.017840396
0.35,1.74,0,28.91666667,28.5,2.252487474,5.328394559,0.566919995
0.35,0.01,0,67.5,67,1.058075923,0.803030818,1.14384171
0.3,0.23,0,65.91666667,64.5,2.167327951,4.399491846,1.428678783
0.38,0.01,0,44.5,43,3.178437291,3.608992981,3.01102613
0.35,0.5,0,71.58333333,73,3.439246671,2.927531855,4.207554194
0.25,1.43,0,81.41666667,81,0.899838789,5.83471409,0.441668922
0.25,0.39,0.01,31.525,31,1.404006466,1.208720403,1.342827982
0.25,0.69,0,18.83333333,18.5,0.504226212,2.861976676,-0.257711404
0.3,0.07,0,83.25,83.5,3.019479364,5.933774735,3.809821597
0.38,0.3,0,34.16666667,34.5,4.729990732,0.853323057,6.089124449
0.3,0.07,0,48,48.5,4.682464374,3.128066624,5.127783699
0.15,8.2,0,27.18333333,26.6,1.400743999,3.120768955,-0.087259744
0.35,0.02,0,74.425,75.5,3.563516202,5.128249379,3.940406098
0.3,3.97,0.01,66.25,68.5,0.787810614,5.936941338,-1.960928602
0.35,0.54,0,60.74166667,58.5,2.649201359,4.208158252,1.914566446
0.35,1.9,0,75.41666667,76,0.201079177,3.247611682,-1.052645488
0.25,0.57,0,49,49.5,2.163185086,1.551471386,2.173613511
0.3,2.16,0,38.84166667,39.5,5.930876208,1.851086767,6.50681304
0.38,0.96,0,38.91666667,38,3.699643499,2.190139185,3.908455139
0.25,0.41,0,78.16666667,79,4.135164686,4.932727329,4.684090069
0.3,0.85,0,32.68333333,32.1,0.209252059,4.148133839,-1.227412476
0.35,0.95,0.03,25.08333333,25.5,0.72646976,5.578910158,-1.344884379
0.3,0.16,0,78.16666667,79,1.152961589,2.354495103,1.082973674
0.38,1.47,0,79.25,78.5,5.06207154,2.524669313,6.545743843
0.25,0.72,0,70,70,3.864435368,1.948455458,4.163430345
0.15,0.6,0,62.75,65,0.665923233,4.122985127,0.057363949
0.35,1.46,0,30.66666667,30,0.963032427,5.067587826,-0.984561962
0.38,1.96,0,63.40833333,61.95,5.526537598,4.134551741,5.310692224
0.3,0.37,0,31.83333333,33.5,0.376982593,5.085312653,-1.146516425
0.3,0.84,0,41.5,41,4.462810978,4.556920164,4.182578223
0.15,0.56,0,70.33333333,70,3.579731169,1.504876161,3.884392277
0.3,1.18,0,70.91666667,70,0.868815919,2.500193525,0.301417151
0.3,0.64,0.01,32.83333333,31.5,2.629513296,2.449852008,2.478411682
0.35,3.46,0,73.58333333,74,1.644747191,2.102623571,0.982260892
0.38,0.71,0,32.41666667,31,5.599713146,0.768286795,7.16585516
0.15,1.9,0,51.91666667,50.5,2.827438207,1.466552588,2.74657105
0.38,1.55,0,62.5,63.5,2.044279762,2.193328479,1.39864125
0.35,0.35,0,57.58333333,58,5.570628933,5.37754698,5.515707617
0.25,0.08,0.01,25.75,27,2.421500302,2.557843973,2.354914384
0.38,1.93,0,67.91666667,68.5,1.522647635,3.204200533,0.150257533
0.38,1.07,0,77.66666667,78,1.12349698,2.982233321,0.550581919
0.15,0.92,0,69.5,69,0.156071486,3.645484231,-0.505340426
0.15,0.05,0,47.25,47.5,0.449991329,4.659383372,-0.188917477
0.38,0.29,0,36.16666667,35.5,2.665744346,0.612895882,3.335626762
0.15,0.02,0,51.16666667,51,3.499991817,1.069551009,3.861557938
0.25,0.02,0,40.25833333,41,3.190813381,2.63239881,3.325417023
0.25,1.16,0,60.83333333,62,5.427290026,0.234337,6.435528282
0.3,0.47,0,50.08333333,47.5,0.321217336,1.025088116,-0.030943898
0.35,1.71,0,66,64,5.513075036,0.17205701,6.783931345
0.3,0.08,0,75.08333333,76.5,4.965228983,0.400365762,6.992195149
0.25,0.27,0,63.75,64,0.615687047,1.389462447,0.354743197
0.15,0.02,0,77.33333333,76.5,4.319742563,3.302657568,5.090675366
0.3,1.03,0,81,81,0.80551676,3.277255121,0.610517877
0.3,0.32,0,67.08333333,68,0.197707077,3.417908046,-0.864353214
0.3,0.27,0,25.44166667,26,5.153351332,2.699412725,5.808532913
0.35,0.46,0,80.16666667,80.5,5.810295279,0.78502198,9.194799506
0.35,1.6,0.02,82.41666667,82.5,3.731243492,5.069548435,4.84504348
0.25,0.01,0,76,75,0.222466427,1.268042234,0.066258418
0.25,0.01,0,26,23.5,4.347656251,0.960020351,5.192065226
0.25,0.15,0.01,47.33333333,47,0.442326983,5.155831888,-0.786049244
0.15,1.33,0,72.75,73.5,4.891231018,0.711271386,5.957764206
0.25,0.01,0,35.91666667,37.5,3.016008179,0.851308498,3.554683099
0.3,3.88,0,58.66666667,57.5,0.79557475,0.055547357,-0.146417032
0.25,2.39,0,61.25,60.5,5.744472929,0.078547277,6.563454342
0.15,0.25,0,44.25,44.5,1.923864078,2.920332736,1.736893779
0.3,0.11,0,41.75,43.5,4.740534441,0.386829348,6.013645969
0.3,1.43,0,80.75,80,1.348915426,2.096706584,1.399943072
0.25,0.35,0,47.5,48.5,2.613985122,3.088952254,2.407743339
0.15,0.57,0,63.83333333,62.5,2.84828262,4.150961493,2.567380789
0.25,0.11,0,73,71.5,0.953186632,1.557356748,0.998002229
0.25,0.58,0,17.69166667,17.5,1.707986561,1.06323844,1.724173591
0.3,2.19,0,58.25,57.5,2.029093141,2.166546388,1.330857168
0.38,0.22,0,18.41666667,18,4.960281816,5.341368596,4.73186884
0.25,0.82,0,51.16666667,54,4.828916451,2.165500839,5.289770354
0.38,3.09,0,64.66666667,64,3.802434932,4.101488787,2.514594467
0.35,0.3,0,33.66666667,32.5,0.333492985,4.499889744,-1.229745881
0.35,0.62,0,58.41666667,59,5.044801902,1.341762207,6.123865795
0.15,0.14,0,28.83333333,27.5,4.110395572,5.238990074,3.920106397
0.15,1.16,0.04,82.41666667,82.5,1.615950848,1.062104261,2.008154351
0.15,0.06,0,55.5,55,2.356614139,0.827490068,2.57698275
0.3,0.02,0,26.25,26,0.687737719,4.636099441,-0.502770798
0.15,0.53,0,62.41666667,62.5,5.395676775,2.600350173,5.735475765
0.25,0.68,0,84.65,83.9,4.14822051,2.381036407,5.839701213
0.15,0.59,0,40.91666667,43,1.47836977,5.287770928,0.818459596
0.25,0.35,0,33.25,32.5,4.246566509,5.632279835,3.812638178
0.15,0.12,0,76.33333333,75.5,2.516164461,3.771262688,2.745180991
0.25,0.12,0,74.08333333,75,1.346779768,1.400550849,1.566718897
0.25,0.41,0,58.66666667,61,2.154531002,1.673511114,2.172285975
0.25,0.83,0,80.25,80,5.889431608,0.651570691,7.912772125
0.38,0.02,0,73.41666667,73.5,1.885471599,3.638916992,1.819354545
0.25,0.28,0,25.84166667,26.5,1.339333828,4.366860274,0.512452216
0.38,0.04,0,49,50.5,2.200218905,4.600893042,1.272762734
0.25,0.01,0,79.91666667,80.5,3.677023816,0.718175053,5.379002902
0.35,0.12,0,75.08333333,75,4.748835936,3.005756181,6.231510367
0.25,0.14,0,83.25,83,2.184092245,0.25343866,3.226958535
0.3,0.92,0,41.08333333,43.5,2.036877642,4.65596202,0.975152329
0.38,1.19,0,42.08333333,44,0.037234756,1.153848263,-0.839278377
0.15,0.21,0,76.66666667,77,5.829532548,5.267430878,6.758147699
0.25,3.77,0,70.16666667,70.5,2.892462714,1.925170192,2.909291821
0.3,0.33,0,70.08333333,70,3.665969699,1.394287426,4.377795938
0.15,0.08,0,42.66666667,42.5,4.301505942,3.014114365,4.482614679
0.35,0.53,0,63.25,64,3.640113605,5.221324454,2.901189809
0.15,0.1,0,70.41666667,69.5,4.41795061,4.500572788,4.563078763
0.38,0.01,0,65.58333333,64.5,5.278217701,4.467930717,5.582326755
0.3,0.76,0,70.5,69.5,0.980425339,3.811605157,0.24594178
0.35,0.03,0,73.75,74,1.820456591,3.90606366,1.670161327
0.25,0.75,0,47.58333333,46.5,5.918657283,0.892053235,6.987808295
0.38,0.01,0,60.16666667,60,2.194564123,4.225728222,1.418921765
0.3,0.04,0,79.58333333,79,0.400715388,5.838746378,-0.74969493
0.15,1.15,0,74.08333333,74.5,3.675283935,5.161295149,3.939213473
0.3,0.67,0,35.25,37,0.391579213,3.219613011,-0.657830926
0.38,1.2,0,72.08333333,73,3.81801495,3.953612373,4.326967168
0.3,0.02,0,31.68333333,32.5,0.023585201,5.633783078,-1.665474162
0.15,0.4,0,76.75,77.5,3.186393419,3.225592044,3.62290857
0.3,1.1,0,48.16666667,47.5,5.158763904,1.3452222,5.972826415
0.25,1.48,0,79.675,79,4.682041664,5.44912777,5.138595831
0.15,2.13,0,57.66666667,56,5.018480737,3.008991517,5.00040412
0.3,1.97,0,76.33333333,77.5,0.677837419,1.890843286,0.10061777
0.3,0.04,0,77.25,77.5,2.379257771,1.20213881,3.122857381
0.38,1.3,0,38.50833333,39.5,3.067913888,3.403188462,2.446509549
0.35,0.29,0,32.75,32,4.099144686,5.341471541,3.562830287
0.35,0.01,0,11.83333333,11.5,1.770783884,1.103406561,2.000865947
0.15,0.27,0,68.33333333,69,3.048779381,0.08291125,3.4531596
0.25,1.99,0,48.33333333,48.5,1.71030178,0.862715923,1.424698244
0.25,0.02,0,73,72.5,0.434056312,4.544697976,-0.259053442
0.15,0.01,0,63.33333333,62.5,4.740931851,0.075130056,5.43930212
0.3,0.99,0,33.01666667,33.5,4.093394478,3.14063617,4.08222197
0.3,0.82,0,51.08333333,50,5.061723585,4.230049306,5.065225869
0.25,0.78,0,73.41666667,74,4.147084047,4.314975277,4.7469327
0.25,0.08,0,28.16666667,28.5,0.549459371,4.735416301,-0.517029862
0.3,0.09,0,48.75833333,48.5,4.525165697,4.217317772,4.590520075
0.15,0.83,0,38.83333333,39,5.966127713,2.694828477,6.332322599
0.25,0.25,0.01,49.74166667,48,3.116671754,5.749155234,2.383550884
0.38,0.27,0,45,46.5,3.190567965,0.690548525,4.037975352
0.35,1.05,0,81.58333333,81,5.863908481,0.235021634,9.274652953
0.35,0.55,0,75.16666667,75.5,4.131355698,3.615721052,5.041561435
0.15,0.45,0.01,38.25,36.5,0.801397783,1.347763447,0.640442934
0.15,0.19,0,45.41666667,46.5,3.298925293,2.647968482,3.368068815
0.38,0.06,0,74.16666667,74.5,3.015576893,0.615889737,4.385017148
0.25,0.02,0,10.5,11,3.573721039,1.311407224,4.134299493
0.3,0.18,0,83.5,83.5,1.861439419,2.843873002,2.450264544
0.3,1.25,0,60.83333333,59.5,5.725271858,5.536345122,5.406949879
0.3,0.58,0,73.75,73.5,2.141647084,3.938119874,2.045978359
0.15,0.19,0,52,53,5.858278398,0.113552212,6.691487326
0.38,0.03,0,74.41666667,73.5,3.907632726,3.570215842,4.905724964
0.15,0.13,0,77.75,77.5,2.413106677,3.729907533,2.618340349
0.35,0.01,0,72.91666667,73.5,1.349266263,0.027396978,1.993843694
0.35,0.43,0,69.75,70,4.497607044,5.267626584,4.077600205
0.25,0.1,0,79.5,78.5,0.512601764,5.787569328,-0.399091824
0.25,0.04,0,60.5,60.5,4.469213507,5.807069259,4.124749569
0.15,2.3,0,30.5,30.5,3.986508824,2.414012916,3.87738321
0.3,0.62,0,45.83333333,45,3.147970424,3.410563546,2.883192487
0.25,1.31,0,65.41666667,65.5,5.146015097,1.073047347,5.836757034
0.3,0.2,0,62.66666667,64.5,2.377018404,0.721162067,2.813775305
0.35,0.01,0,77.16666667,77,3.256429555,3.685931586,3.865615849
0.3,0.05,0,70.25,69.5,4.88696069,0.587036081,6.209715779
0.35,0.59,0,80.41666667,81,3.009099451,1.731442533,4.468488668
0.15,0.2,0,59.16666667,57,4.825659318,0.548737568,5.43719758
0.3,0.17,0,30.75,32,5.58468345,3.246992561,6.234990717
0.25,1.65,0,57.49166667,56.45,1.80681401,2.725100007,1.164742511
0.15,4.25,0,72.58333333,73,3.925706631,2.917837475,4.159637172
0.35,0.29,0,74.08333333,74,3.321100822,2.861145182,4.104659111
0.3,0.31,0,29,27.5,1.291567959,1.594221892,1.107771779
0.35,0.61,0,60.75,59,0.12212074,0.469120951,-0.212829334
0.25,2.51,0,76.25,75.5,1.120266696,1.136413128,0.856664246
0.15,0.01,0,30.08333333,30.5,3.406458666,1.719686754,3.657974453
0.3,0.24,0,77.58333333,78.5,2.666090007,1.732752911,3.368639305
0.15,0.31,0,42.08333333,41.5,2.988593941,3.206733457,2.909373014
0.25,0.05,0,34,35,2.60360653,3.191578402,2.444113562
0.35,0.06,0,71.16666667,71.5,3.247471572,3.512254128,3.884778575
0.35,0.03,0,62.25,62,1.654602501,3.294546196,1.070122207
0.15,0.01,0,48.5,46.5,2.12346939,5.017815243,1.687817512
0.25,0.21,0,73.25,73,3.016443833,2.781336203,3.586734732
0.25,0.43,0,44.16666667,44.5,2.5747287,2.315400376,2.532060781
0.35,0.5,0,50.66666667,50.5,2.969578089,2.217957553,3.057645276
0.25,0.06,0,11.41666667,10.5,1.08639674,1.502204055,0.967444911
0.38,0.2,0,46.41666667,46.5,2.625171973,3.934771364,2.051524205
0.15,1.65,0,75.08333333,76,0.326996469,3.889715047,-0.20956741
0.15,0.07,0,49.50833333,49.5,4.929839266,2.0844898,5.346141686
0.35,1.06,0,73.575,74,1.879665209,4.606103814,1.303950584
0.3,1.53,0,33.01666667,34.5,0.758852097,3.621911603,-0.559065755
0.25,0.01,0,30.25,32.5,2.622324249,3.270263234,2.457839503
0.35,0.85,0,80,79,5.554087727,1.826177821,7.545323597
0.38,1.17,0,67.33333333,68,0.742710201,0.196065277,0.505835272
0.25,3.67,0,64.41666667,64.5,1.521754049,0.421923046,0.879211799
0.35,0.37,0,42,41.5,2.716202513,0.353262808,3.41373141
0.35,1.8,0,70,71,2.275698563,1.614787177,2.184236854
0.3,0.13,0,60.16666667,59.5,0.781502247,5.106455256,-0.554983656
0.15,0.36,0,41.33333333,42,5.095976594,4.094169132,5.192247713
0.15,0.18,0,71.08333333,70,3.559786287,2.616936157,3.779098912
0.25,0.05,0,52.325,51.5,5.12834142,2.055122604,5.884146124
0.35,1.68,0,56.00833333,59.55,5.458514691,2.425676703,5.932007986
0.25,0.5,0,25.75,26.5,5.931787615,5.514218333,5.911179936
0.3,0.01,0,59.25,61,0.258439954,4.060014366,-0.885032369
0.3,0.07,0,81.5,81.5,5.912166197,5.530274867,8.382938037
0.38,0.09,0,66.25,65.5,0.25395202,2.044957297,-0.460829986
0.3,0.11,0,63.91666667,64,3.363648807,3.697296551,3.230554483
0.3,1.49,0,67.01666667,67.5,3.444598593,2.986130706,3.135138959
0.35,1.08,0,68.08333333,68.5,1.560311462,0.482170952,1.55966064
0.15,0.19,0,30.5,30,5.744397876,1.273050771,6.386599942
0.15,0.58,0,30.16666667,29.5,2.078521667,3.759430336,1.739385366
0.15,0.08,0,54.25,52,0.265428047,1.938755941,0.002428863
0.35,0.32,0,59.5,60,2.097608929,5.309528181,0.86143719
0.25,0.13,0,61.16666667,61.5,4.435907992,0.330556602,5.429745839
0.25,0.91,0,24.83333333,24,3.626124501,1.368156964,3.963116385
0.15,0.01,0,64.16666667,64,1.74286985,0.374252329,1.946662478
0.35,0.12,0,67.25,67.5,0.13558044,1.595331504,-0.417332432
0.15,0.2,0,70.33333333,69,2.516253746,5.816313297,2.216856562
0.35,1.24,0,40.5,40,3.866518036,1.578756314,4.233234639
0.35,0.28,0,76.66666667,76,1.026712702,2.791001176,0.718530553
0.35,0.03,0,59.41666667,60,5.154586472,3.37764482,5.76601605
0.35,0.11,0,30.08333333,30.5,0.973850583,3.728099657,-0.028636593
0.25,1.59,0,66.5,66.5,3.648568343,4.856524484,2.949079307
0.3,0.51,0,72.25,73,5.2333937,3.661161359,6.545241685
0.25,0.02,0,17.16666667,20,4.500808739,5.867174319,4.154217344
0.35,0.58,0,55.91666667,55,3.775688022,3.77257426,3.573777838
0.3,0.61,0,48.16666667,48.5,3.269920324,2.884218498,3.202630871
0.25,0.28,0,75.75,75,5.123697622,2.110747675,6.596819042
0.25,0.06,0,65.33333333,65.5,3.877676887,5.102486749,3.556474422
0.25,0.23,0,32.5,37.5,0.538174618,0.415019436,0.511463413
0.38,0.58,0,53.91666667,54,3.728013276,0.162791303,4.862397625
0.35,0.05,0,66.5,64.5,0.888605624,5.353519216,-0.691614133
0.15,1.97,0,39.91666667,41,4.274795351,1.989872214,4.322033822
0.25,0.16,0,76.16666667,76.5,0.44341502,0.72584548,0.443599625
0.35,0.54,0,70.075,70.5,3.678367119,2.404312339,4.689493183
0.25,0.24,0,34.76666667,34.5,1.447067681,1.63768997,1.339412109
0.35,0.31,0.01,27.25,28,5.74910728,2.272858326,6.843794414
0.15,0.6,0,67.5,67.5,1.32924288,4.085281955,0.825837019
0.38,0.56,0,60.66666667,62.5,2.472852495,1.511042083,2.625540451
0.25,1.25,0,64,64,5.090287003,0.329041703,5.968098328
0.15,0.82,0,63.41666667,61,3.89880859,3.140649446,3.889532461
0.3,0.52,0,63,63.5,1.30627206,2.978420019,0.648627672
0.15,1.44,0,79.08333333,78.5,4.231581668,5.373460057,4.586436553
0.38,2.69,0,44.425,44,2.380660854,3.66414376,0.87073735
0.25,1.18,0,50.25,53,5.952457132,5.258614679,5.830917746
0.35,0.2,0,47.16666667,44.5,1.690803497,2.026978403,1.503142281
0.3,0.02,0,79.66666667,80,3.151800547,3.556198581,3.702430102
0.38,0.59,0,69.83333333,70,4.871980832,0.548299666,6.290779676
0.3,0.2,0,34.66666667,35.5,1.891519997,0.95020663,2.113914007
0.3,0.87,0,60.00833333,59,2.308562931,3.739226056,1.618363993
0.35,0.45,0,34.16666667,34.5,0.369350226,3.581217657,-0.912303374
0.3,0.01,0,68.075,67.45,5.345448204,5.335932699,5.345302855
0.35,0.32,0,72.16666667,72.5,4.057664935,5.951601521,4.379337029
0.15,1.32,0,69.58333333,70,2.510691641,2.343239299,2.337809492
0.15,0.04,0,62.33333333,61.5,2.726471048,3.554135813,2.596321334
0.3,0.91,0,36.16666667,36.5,1.308555321,4.608332133,0.045622277
0.38,0.05,0,50.25,50,1.723311411,4.090670945,0.804714788
0.35,0.94,0,64.91666667,64.5,4.777437405,3.353719047,4.94673883
0.38,0.07,0,36.58333333,38.5,3.009992367,2.630950238,3.127428376
0.35,0.31,0,59.66666667,60.5,2.505770172,2.28858212,2.47328599
0.3,1.22,0,45,44,2.081112288,4.391552566,1.021980205
0.25,0.03,0,67,67,5.787958183,0.129788755,7.19500054
0.38,0.53,0,31.16666667,32,2.279442749,5.994799927,0.666207021
0.25,1.73,0,81.5,81.5,5.848388686,1.92521524,8.315681124
0.25,0.03,0,53.99166667,52.5,0.639648353,4.670201794,-0.375490007
0.3,0.09,0,23.25,22.5,1.892151037,1.062371052,2.114085032
0.25,0.91,0,32.83333333,32.5,2.715474865,3.009633306,2.414435254
0.15,0.88,0.01,37.41666667,39.5,5.411414973,2.58619133,5.69169852
0.38,0.68,0,19.5,22.5,4.846205595,3.792945496,4.988044432
0.38,0.62,0,59.50833333,58,3.73596813,2.947765684,3.79988506
0.15,0.75,0,48.08333333,48.5,0.30607466,2.864531929,-0.19019393
0.3,0.94,0,40.08333333,40,0.127855192,5.815492208,-1.860435912
0.15,0.37,0,29.66666667,27.5,0.759512152,2.430018285,0.453436232
0.25,0.57,0,54.08333333,54.5,0.619798893,5.601133604,-0.768034784
0.25,0.46,0,44.66666667,46,4.233733669,0.325163669,5.095876168
0.3,0.21,0,69.66666667,69.5,3.115024004,2.435100219,3.25600114
0.38,0.04,0,77.825,77.5,5.292264139,2.294265645,7.368391254
0.15,0.03,0,53.16666667,52.5,4.913371087,5.221290078,4.862683239
0.25,0.11,0,83.33333333,83.5,2.518548637,3.07275606,3.379978448
0.25,1.76,0,35.91666667,37,0.382732406,4.42127022,-1.066902047
0.38,0.04,0,35.16666667,35,3.791291251,4.487489553,3.511535897
0.3,1.94,0,70.91666667,70.5,0.62737901,4.68551652,-0.593589232
0.25,1.32,0,63.66666667,62.5,5.836679223,2.259239,6.401039279
0.25,1.64,0,52.83333333,51.5,0.655383573,0.381987411,0.313732614
0.25,0.02,0,70.75,72.5,5.862994059,4.778409486,7.161915052
0.25,0.58,0,54.08333333,53.5,3.657619466,2.414695115,3.823350554
0.35,0.26,0,73.25,74.5,4.363098934,2.298782171,5.807521597
0.15,0.74,0,60.91666667,61.5,5.451745125,0.594187056,6.069378835
0.38,0.57,0,74.08333333,73.5,3.506396636,5.802895297,3.506434934
0.38,0.93,0,40.83333333,41,4.750828643,3.980200943,4.690267169
0.3,0.04,0,73.90833333,74.5,0.111237567,0.84098399,-0.039151678
0.3,0.56,0,31.83333333,31,2.104976434,4.761348977,1.140064671
0.3,1.9,0,71.25,71,1.213646878,2.43768188,0.759536613
0.25,0.1,0,59.08333333,59,0.104085882,0.254652478,0.041444233
0.3,0.01,0,64.75,65.5,1.269895101,4.637009076,0.256760909
0.35,2.38,0,72.33333333,72,2.198503184,0.508948951,2.506428128
0.25,0.01,0,21.51666667,20,4.519853082,1.913375129,5.168972571
0.38,5.27,0,83.08333333,82.5,4.437902487,4.502645675,5.49236384
0.15,0.62,0,13.66666667,13.5,2.529895709,4.42003349,2.153375042
0.25,1.33,0,65.25,64,3.281743868,2.947149717,3.032892405
0.35,3.17,0,66.58333333,66.5,5.347564387,1.273126002,5.664117821
0.3,0.02,0,46.91666667,46,3.629802611,1.358214947,4.305278911
0.38,0.81,0,47.33333333,47.5,2.671361309,2.600106659,2.390638076
0.35,0.51,0,35.175,37.5,4.721989573,0.655678539,5.966698435
0.25,1.25,0,48.75833333,48,1.878967807,3.688437344,1.114100423
0.35,1.03,0,39,38,0.579717977,3.28453671,-0.72746858
0.35,0.1,0,72.91666667,72.5,5.616356666,0.052678146,8.300211636
0.35,1.89,0,62.75,62,1.767499808,1.433155117,1.22302045
0.15,1,0,22.41666667,21.5,2.223256519,5.618579661,1.563958048
0.25,0.72,0,34.25,34,3.038724362,2.51648886,2.989283237
0.38,0.85,0,39.75,38,0.364407314,2.98973364,-0.95621669
0.15,0.59,0,62.75,61.5,5.330726899,5.590620999,5.203242784
0.3,0.21,0,39.16666667,39.5,4.272726475,5.480617562,3.847359149
0.35,1.34,0,65.33333333,65.5,3.308215816,4.007813668,2.594356568
0.35,0.02,0,56.33333333,56.5,2.235260153,4.899934286,1.295624206
0.25,0.19,0,69.58333333,69,3.974983561,4.94587735,3.684760113
0.15,0.35,0,49,50,2.343306864,1.593936201,2.403212463
0.3,1.2,0,59.16666667,60,4.186732381,1.1535414,4.736689676
0.3,1.52,0,35.91666667,36,2.414734538,4.482207166,1.33849275
0.25,1.38,0,56.16666667,57.5,0.709891425,2.826133594,-0.164169118
0.35,0.32,0,36.5,38,5.773247184,3.459120245,6.471191613
0.25,1.2,0,31.75,31,3.932404919,3.412924966,3.762274908
0.25,0.14,0,54,51,2.56391085,5.227161599,1.863098163
0.25,0.39,0.01,31.525,31,0.643377136,5.17438365,-0.599374493
0.35,0.92,0,32,32,5.937132445,0.532335428,7.5068114
0.38,0.98,0,63.16666667,64.5,5.283988806,5.064724749,4.994909148
0.15,0.28,0,40.08333333,40.5,5.957810133,1.515033731,6.582226594
0.25,0.46,0,25.41666667,25,5.807818967,3.710186427,6.217227102
0.15,0.12,0,60.5,60.5,5.07245579,0.349029236,5.762969773
0.38,0.51,0,66.91666667,65.5,5.848110544,0.335062926,7.749268639
0.25,1.55,0,63.16666667,61,4.273853194,2.859854556,4.239852853
0.38,0.01,0,31.08333333,30,0.829960088,0.13207049,1.091358135
0.15,0.85,0,67.25,67.5,1.003701688,0.200609016,0.996665589
0.15,0.67,0,61.41666667,62,5.54579101,1.60051326,6.037082672
0.35,0.05,0,52.75833333,51.5,4.55170503,2.800875255,5.146995451
0.35,0.29,0,60.65833333,62,3.274293485,5.423897235,2.420432173
0.35,0.03,0,78.08333333,79,1.737527932,0.938157919,2.326087525
0.25,3.36,0,50.25,49,2.156641458,2.362543849,1.265165861
0.3,0.81,0,69.75,70.5,3.883869444,4.369510115,4.000080271
0.3,0.12,0,68.08333333,69.5,4.320681411,0.339934996,5.478905336
0.25,1.99,0,34.83333333,35,3.001802599,4.587536743,2.107869063
0.35,0.2,0,52.15833333,52,1.512277084,0.838041989,1.678259368
0.35,0.02,0,59.58333333,58,1.710877328,0.609926825,2.089210005
0.35,1.04,0,54.41666667,53,1.742927723,4.440525371,0.434768547
0.35,0.3,0,37.16666667,37.5,5.531231137,5.834571228,5.320062105
0.3,0.3,0,53.25,53,5.542111173,1.966573966,6.524772335
0.35,2.67,0,64.33333333,64,0.245452719,3.331637535,-1.769211967
0.3,2.41,0,60.65833333,61.95,5.827963079,0.416020423,6.728545877
0.35,0.51,0,32.33333333,32,3.585387078,3.032568514,3.600373576
0.3,1.67,0,77.08333333,76.5,1.425227569,4.184495795,0.72081387
0.3,0.04,0,40.16666667,42,2.452035978,3.063137897,2.256705402
0.35,0.19,0,70.66666667,72,2.467394878,5.833877495,2.082813551
0.3,0.81,0.02,38.58333333,39.5,5.750130387,2.86703152,6.346060047
0.35,0.38,0,61,61,2.838542951,4.427294116,2.149480044
0.25,3.59,0,67.5,66,4.373568547,1.284972727,4.248217503
0.25,1.3,0,55.08333333,58,5.899117463,3.397757292,6.199457506
0.15,0.7,0,81,81.5,4.967535907,0.094601039,6.795604474
0.3,0.15,0,70.06666667,70,1.659157329,5.422620724,0.903064865
0.15,1.42,0,69.16666667,71,0.241983558,3.207949148,-0.388083172
0.38,0.1,0,57.33333333,57.5,3.861542826,3.403494394,3.99760123
0.15,0.01,0,77.66666667,77,0.200740435,5.436067044,-0.358745892
0.38,0.01,0,71.91666667,73.5,3.402702033,4.806469258,3.792607947
0.15,0.15,0,75.08333333,75.5,2.579305289,2.75435172,2.936081623
0.25,0.13,0,71.75,71.5,0.614100527,2.011859233,0.442789618
0.35,0.81,0,59.16666667,60,0.27284155,3.059280497,-0.985912081
0.38,0.25,0,86.33333333,86.5,3.092686048,4.877482161,4.147266486
0.38,0.02,0,75.58333333,75,3.450584445,0.98640991,4.951160363
0.25,0.43,0.02,43.09166667,46,1.891770706,2.629318629,1.574883725
0.25,4.02,0,52.58333333,53,2.339356111,4.106663392,0.89252929
0.38,0.11,0,37.33333333,35.5,4.031416375,5.574967257,3.403067039
0.15,1.84,0,71.83333333,72,0.056035447,0.457307682,-0.187562273
0.15,2.15,0,76.58333333,77,0.321397846,0.634925766,0.093264127
0.3,0.39,0,50.16666667,51,2.674492576,1.546018659,2.896034751
0.15,0.11,0,43.41666667,43.5,0.688514393,5.48971036,-0.048165002
0.35,0.62,0,36.5,37.5,0.485221457,0.610699438,0.224304163
0.38,1.16,0,49,52,1.782140252,0.24202499,1.926584051
0.15,0.84,0,56.33333333,57.5,2.49411615,0.598030622,2.652528979
0.3,2.41,0,56.58333333,56.5,2.867178749,2.234113622,2.334098287
0.25,2.08,0,49.75833333,49,0.879059958,0.78813688,0.381790727
0.3,0.63,0,41.41666667,41.5,0.101064331,5.291187458,-1.644972607
0.25,0.21,0,38.83333333,40,2.366202269,2.081447945,2.38489085
0.25,0.29,0,39.5,39.5,2.634622556,4.89457778,1.997133751
0.15,0.75,0,54,54.5,1.801714695,1.56416066,1.7248478
0.3,0.36,0,73.41666667,74,1.99054031,2.016832167,2.311685406
0.3,1.95,0,49,50,3.219955892,1.591532906,3.123482788
0.35,0.08,0,36.75,34.5,5.908090533,2.639474618,7.024106103
0.38,1.42,0,72.5,72.5,0.515885538,2.826518063,-0.427143401
0.35,1.41,0,63.5,64.5,5.671177199,0.443261598,7.007447659
0.3,0.94,0,14.58333333,14.5,4.395312577,3.119054162,4.496190102
0.25,0.82,0,24.66666667,25,0.544654404,4.56057432,-0.664325575
0.35,0.03,0,80.5,80,5.881198843,0.881001835,8.574154961
0.35,0.54,0,29.41666667,28,0.188773087,5.591570969,-1.891206172
0.25,0.72,0,53.5,55,5.134319847,2.342438881,5.652290089
0.35,0.03,0,46.5,46.5,1.356161319,2.904969693,0.803578388
0.38,0.2,0,48.425,48.5,1.540125368,0.761482654,1.760009599
0.3,0.5,0.01,25.58333333,25.5,4.958846588,2.333383566,5.583485494
0.35,0.05,0,70.16666667,69.5,5.810858445,3.461248533,6.922956161
0.38,0.87,0,49.33333333,50.5,3.879591352,2.146530266,4.207554565
0.38,0.02,0,75,75.5,2.472513359,5.576573012,2.15825197
0.35,0.52,0,46.575,45,2.90101552,1.886295098,3.074167668
0.35,0.64,0,40.25,41,0.000868825,2.867533725,-1.226463891
0.38,0.15,0,41.16666667,41.5,3.062321021,3.992992467,2.651665872
0.38,1.31,0,74.58333333,74.5,3.109479776,1.324897674,3.969244462
0.38,0.98,0,71.75,73,3.941677758,3.973157381,4.571816983
0.35,1.12,0,47.66666667,48.5,1.042928404,5.323056985,-0.847116599
0.3,0.01,0,52.15,52.95,2.56553041,0.301439637,3.241757642
0.3,0.66,0,67.41666667,66.5,4.515597093,3.66878139,4.571641804
0.38,1.43,0,49,49.5,4.621733724,3.929562218,4.341358896
0.25,0.65,0,68.91666667,68,5.711818051,1.439112396,6.617494464
0.35,0.01,0,61,63,1.603687647,0.248797978,2.074399032
0.38,0.03,0,38.08333333,36.5,5.799184949,4.251924185,6.375744039
0.3,0.03,0,51.16666667,51.5,1.106633333,1.230065272,1.060603751
0.15,4.03,0,28.35,29.5,4.16949807,1.36437444,3.985766614
0.15,3.03,0,75.5,75.5,2.168907792,1.714201076,2.209945736
0.3,0.25,0,82.41666667,82.5,4.062143262,0.915836511,6.162068012
0.38,1.09,0,56.91666667,60,0.545369535,0.351313681,0.204910759
0.25,0.04,0,58.08333333,55,1.325871478,3.597681017,0.747919093
0.35,0.01,0,22.16666667,22,5.294337413,4.349935716,5.621378007
0.38,1.59,0,44.5,45,4.20541984,4.504456224,3.487586014
0.15,0.02,0,50.175,49.5,4.857354459,0.214694554,5.550753445
0.35,0.91,0,49.25,48,4.799017766,1.900521269,5.49499154
0.3,0.01,0,37.925,39.5,5.424495821,0.396872019,6.929782961
0.3,0.18,0,47.75,47,0.67042417,1.654341904,0.321248849
0.25,0.55,0,13.83333333,14,4.141763851,5.749758312,3.602265236
0.3,0.08,0,79.08333333,79.5,0.944551403,4.877552375,0.235259222
0.15,0.36,0,36.34166667,38,0.294501653,2.495046524,-0.089580078
0.15,0.02,0,32.91666667,31.5,2.088111894,4.343652121,1.74678086
0.35,2.17,0,76,75,2.036288596,4.939969876,1.157521472
0.25,0.02,0,64.83333333,63.5,0.156782801,5.852255732,-1.272085432
0.38,0.64,0,74.58333333,74.5,1.041690375,3.335812519,0.448179421
0.25,0.02,0,57.15833333,55,2.764246068,2.507436814,2.823448381
0.35,0.52,0,68,68.5,1.028395909,0.335318808,1.088972894
0.25,1.61,0,45,45,4.787579355,5.170050683,4.289461523
0.25,0.36,0,33.66666667,33,3.472865806,2.526907045,3.619355496
0.38,0.5,0,75.825,75,0.47001702,4.532407861,-0.720750404
0.15,0.7,0,63.33333333,64,2.600874855,3.532966072,2.356061173
0.35,0.01,0,51.41666667,51.5,1.841970843,0.852270777,2.184865867
0.35,0.13,0,52.40833333,51.5,5.174635465,5.785772269,4.915237584
0.25,2.48,0,71,71.5,0.578333204,4.070870855,-0.43308013
0.35,0.05,0,70.41666667,70.5,3.718131745,2.40410863,4.877222125
0.35,0.03,0,75,74.5,1.21304196,4.426254378,0.631600536
0.35,0.2,0,71.66666667,72,0.761829626,0.793810284,0.870441795
0.35,0.95,0,42.5,42.5,1.416420775,5.78087567,-0.443638438
0.15,0.24,0,44.58333333,46.5,2.803399519,0.902516632,3.052531952
0.38,0.11,0,77.41666667,76.5,1.272075016,3.255037498,0.971974187
0.15,0.25,0,68.41666667,67.5,3.267010536,3.859798024,3.140592413
0.3,0.83,0,72.5,73.5,5.444949201,1.39255281,7.286202975
0.15,1.14,0,47.91666667,47.5,1.120605846,4.874963108,0.386452256
0.3,0.18,0,37.91666667,39,4.317443692,5.173918194,4.006501341
0.15,0.1,0,61.90833333,61.95,2.689864072,3.789596258,2.509904244
0.15,0.29,0,74.08333333,74,2.264276408,5.058865316,2.262562308
0.25,0.02,0,68,69,4.713293624,1.514608465,5.507964913
0.38,3.18,0,72.91666667,72.5,5.116555203,1.058728878,6.558893068
0.35,0.78,0,50.66666667,49,5.808473266,2.464479753,6.705870996
0.38,0.41,0,77.83333333,77.5,3.158750625,0.495800672,4.536830258
0.3,0.01,0,72.33333333,72.5,3.873067127,3.665375576,4.711526487
0.3,2.03,0,34.91666667,35,4.873347878,4.26318898,4.447395547
0.3,0.14,0,74.91666667,74,4.552511315,3.811399666,5.621026255
0.38,0.43,0,36.85,38,0.486366819,1.058116974,0.10570176
0.15,1.09,0,56.075,56,2.046164286,5.401992055,1.379290121
0.15,0.35,0,76.08333333,76.5,3.168415305,2.482458839,3.689393741
0.3,0.63,0,72,72,1.038353969,0.590289197,1.210281107
0.3,0.4,0,77.16666667,77.5,4.456164153,2.74025201,5.665758036
0.3,0.12,0,81.08333333,80.5,0.528548114,2.098902917,0.491699621
0.35,2.78,0,70.25,69.5,2.965442117,4.889135893,1.990198686
0.15,0.81,0,41,41,4.820339999,3.827495115,4.847766732
0.3,0.12,0,69.83333333,71,0.582276768,5.869649599,-0.964239101
0.15,0.23,0,64.16666667,64,5.87027758,0.627759716,6.62215526
0.35,1.85,0,42.58333333,41.5,2.016238508,2.843845548,1.079076043
0.38,0.15,0,76.75,76,1.925964352,1.836662864,2.35741497
0.15,0.36,0,73.91666667,73,4.602078182,1.881972413,5.569407003
0.3,0.77,0,80.58333333,80.5,2.283230138,1.609545028,3.204907261
0.15,0.14,0,39.66666667,38.5,0.28714909,0.271039034,0.268565599
0.38,0.17,0,71.41666667,71.5,2.305146541,1.165218863,3.118675074
0.15,0.19,0,68.58333333,68.5,1.408890513,0.18022271,1.564690684
0.38,0.26,0,55.75,54.5,4.198623308,0.911199281,5.349044438
0.3,0.02,0,69.925,70.5,2.45228005,0.482701623,3.355949984
0.35,0.25,0,79.83333333,80,2.922769764,4.378294237,3.125385862
0.38,0.93,0,74.75,73.5,2.547097577,3.539591788,2.592660463
0.15,0.1,0,14.16666667,12.5,0.606077161,1.45474911,0.463776368
0.38,0.33,0,38.75833333,39.55,4.731182741,4.171569497,4.818435774
0.35,1.55,0,45.41666667,45.5,5.324167528,3.090121678,5.563583576
0.15,0.04,0,29.33333333,27,5.008300103,1.404194647,5.542915921
0.25,0.22,0,28.25,29,5.122253214,0.004635738,6.346657583
0.35,0.35,0,58.16666667,56.5,2.329458578,1.634439012,2.450215426
0.25,0.16,0,30.16666667,29,1.2544359,5.124102369,0.247019283
0.15,0.74,0,78.325,78.5,2.055718112,3.589643353,2.113398535
0.25,0.02,0,17.7,16.7,5.58123977,3.100388688,6.19645254
0.35,0.02,0,78.91666667,78.5,1.98926327,5.885616099,1.40383173
0.3,0.43,0,48.84166667,48,4.071472658,2.313153392,4.469968438
0.25,0.07,0,21.41666667,21.5,0.688366203,2.476692035,0.223784745
0.35,0.61,0,56.58333333,59.5,0.249481212,4.151907794,-1.329868092
0.38,0.44,0,59,59,0.296157554,2.653480314,-0.766825096
0.38,0.18,0,74.25,73,0.551947323,0.340745246,0.689443641
0.15,0.15,0,60.91666667,59,0.377238502,4.39243033,-0.247540272
0.35,0.95,0,67.66666667,66.5,1.457816642,0.405132037,1.493756254
0.15,0.56,0,72.91666667,73.5,1.035761552,0.436660908,1.198114011
0.3,0.16,0,50.58333333,50,0.865772115,3.29278681,0.089667706
0.3,0.6,0,53.41666667,53.5,4.610342185,3.757210374,4.686281728
0.15,0.16,0,74.41666667,74,1.532007911,2.652841903,1.621545293
0.35,0.43,0,31.75,32,3.594232257,0.961715133,4.36511325
0.35,2.75,0,71.41666667,71.5,0.662418043,1.221853122,-0.058920651
0.15,0.29,0,40.08333333,39.5,2.618314485,5.393035494,2.158606334
0.38,3.34,0,54.6,56.6,2.519557797,3.14710733,1.011888975
0.38,0.05,0,30.25,31,2.932276161,0.441729818,3.859683772
0.38,0.06,0,31.58333333,30.5,5.166253369,3.722125988,5.692221774
0.15,0.13,0,80.58333333,80.5,5.782840648,2.863024102,7.755843287
0.38,1.86,0,37.33333333,38,3.401658084,1.217528304,3.5248274
0.35,0.01,0,54.59166667,55,0.631553027,5.87287021,-1.206407987
0.38,4.22,0,47.25,48,0.223915659,4.819625286,-3.126054
0.38,0.36,0,29.86666667,28,3.753197484,4.364630351,3.384052995
0.25,0.77,0,39.5,40,0.301499082,2.525368278,-0.446968217
0.15,0.02,0,69.66666667,69.5,5.944201478,0.747185182,6.720753923
0.3,0.08,0,26.35,26.6,3.133047067,0.978366616,3.755451203
0.38,0.04,0,70.75833333,71.05,1.584381322,2.204669997,1.765359898
0.38,0.35,0,72.33333333,72.5,3.59760775,0.11017346,5.330019128
0.25,0.07,0,13,12.5,2.407746694,3.238951872,2.1824454
0.38,0.01,0,82.75,82.5,5.234656616,5.273319778,7.664760599
0.25,0.35,0,35.91666667,34,0.793699467,0.633024594,0.746368185
0.35,0.62,0,48.08333333,47.5,1.645468718,5.59447001,0.046318265
0.35,0.35,0,82.58333333,82,0.848989536,2.960648881,0.795999493
0.35,0.67,0,34.25,34,4.487586005,5.824215996,3.785265508
0.3,0.48,0,45.5,44,3.949680706,4.107540241,3.758322845
0.35,0.01,0,33.75,35,2.444640286,4.627194952,1.677246153
0.3,2.64,0,80.58333333,81,5.07237308,0.963145671,7.372430153
0.35,1.1,0,42.16666667,43,1.539534046,0.975863835,1.351818619
0.35,1.83,0,51,50.5,4.452438445,5.615272337,3.404946583
0.38,1.46,0,30.08333333,29.5,3.601287808,2.513751916,3.459751447
0.25,0.2,0,76.33333333,76.5,5.045158229,0.988903501,6.714173158
0.25,0.24,0,22.66666667,19,0.758392737,5.683463218,-0.532874883
0.25,2.37,0,48.25833333,48,4.954572023,3.842450753,4.64010234
0.25,0.1,0,67.5,68,3.274828539,2.26798385,3.501539712
0.25,1.39,0,47.83333333,47,1.43516072,0.117225534,1.417144517
0.15,0.83,0,59.83333333,59,3.38078721,2.378540398,3.406624232
0.38,1.78,0,67.50833333,68.5,2.960300232,0.597220394,3.18187057
0.25,1.77,0,41.41666667,41,5.527278467,2.289409581,5.894245688
0.35,0.09,0,73.66666667,72.5,4.794022966,2.144095816,6.532673953
0.38,0.02,0,43.66666667,41,2.087688622,4.961148532,0.988173857
0.15,0.74,0,52.58333333,54,2.935032371,5.316725472,2.466778406
0.35,1.92,0,43.33333333,42.5,1.355406183,5.069122631,-0.616394574
0.3,0.04,0,58.5,58.5,1.168583923,0.080648745,1.482964476
0.35,0.2,0,33.83333333,34.5,3.865469064,3.63735893,3.875307611
0.3,0.22,0,64.16666667,63.5,5.548318222,3.74028882,6.024727043
0.15,3.89,0,81.66666667,81.5,5.513499503,2.801321576,7.106780196
0.15,0.61,0.01,81.74166667,81.5,5.829841202,5.875605328,7.544960459
0.15,0.75,0,59.08333333,60.5,2.46812361,1.699595683,2.470902799
0.3,0.7,0,73.33333333,73.5,4.804093782,2.291720155,6.196717073
0.3,0.01,0,81.5,81.5,0.80930293,4.979848147,0.514035348
0.3,0.25,0,41.75,42,2.390438658,0.78717105,2.796418941
0.25,0.1,0,63.08333333,62,1.595500445,0.833636108,1.760966529
0.25,1.79,0,65.33333333,65.5,5.459886186,4.103945058,5.351371469
0.25,0.98,0,82.5,83,1.085273638,0.606538909,1.429593094
0.25,0.62,0,32.66666667,32.5,2.784785967,0.386486778,3.229360764
0.15,0.37,0,43.83333333,45,4.904980225,2.552113165,5.202410284
0.15,0.02,0,27.5,28.5,0.896732689,4.795359662,0.308938643
0.25,2.12,0,75.75,77,5.611911409,1.156509466,7.102032662
0.15,0.43,0,74.25,73.5,5.658669495,1.58764506,6.931231842
0.15,0.71,0.01,82.41666667,82,4.38889338,0.274758891,5.969015948
0.3,0.06,0,66.16666667,65.5,2.551563457,3.932226138,2.119364653
0.15,0.61,0,46.83333333,47.5,2.413153402,5.453206132,1.865645493
0.15,0.97,0,45.35,46,2.121283107,0.922637245,2.155579986
0.25,0.02,0,49.58333333,49.5,0.64510443,3.48032793,-0.068701445
0.38,1.47,0,66.08333333,67.5,2.903781909,3.575324344,2.089995783
0.3,1.7,0,59.25,59,2.717134533,3.063599315,2.103195099
0.35,0.11,0,86.075,85.5,3.339956936,5.492761644,4.430246949
0.15,0.14,0,39.25,38,3.237217902,4.832652456,2.976902718
0.25,0.87,0,49.33333333,50.5,3.85450709,3.22695785,3.7938944
0.15,0.39,0,63.08333333,64,5.102002265,3.428043443,5.294596088
0.3,1.17,0,44.16666667,44.5,5.023053854,0.684617831,5.97358466
0.35,0.5,0,74.41666667,74.5,5.7449248,2.984260596,7.616594922
0.25,1.17,0,73.41666667,74.5,5.510076115,1.821563561,7.01543649
0.35,0.16,0,82.15833333,81.95,2.208282251,0.323519581,3.49280132
0.38,0.29,0,76.08333333,75.5,1.706964472,5.847843526,0.841886664
0.38,0.04,0,47,47,5.35823761,3.085879903,6.206533539
0.3,0.47,0,77.84166667,76.5,3.948770405,3.736318683,4.700319975
0.25,0.01,0,10.33333333,10,2.135647812,5.591725522,1.269128385
0.35,0.04,0,58.33333333,57.5,4.036146845,3.180201542,4.321727701
0.38,1.39,0,43.25,41.5,5.428015536,5.23963483,4.971400204
0.38,0.03,0,71.25,69,2.316460046,3.67612502,2.140469233
0.38,0.25,0,39.41666667,40,0.400600408,1.43672455,-0.088126766
0.15,1.01,0,58.15833333,57.5,1.254316686,3.743454474,0.729446018
0.35,0.04,0,80.66666667,80.5,1.799792534,4.285558582,2.158691154
0.15,0.53,0,42.25,40.5,0.321380657,5.536739236,-0.54042313
0.3,1.9,0,75.16666667,76.5,5.532339896,1.096685586,7.236991795
0.25,0.4,0,57.75,57.5,2.544170485,4.677878918,1.910743377
0.15,3.4,0,77.66666667,78,2.230685704,4.50794678,1.932173403
0.3,0.8,0,36.83333333,37.5,0.882187886,4.564131008,-0.46239505
0.35,0.13,0,46.41666667,45,0.908124373,0.09994916,1.145485697
0.3,0.97,0,41,42.5,4.893588136,1.098234543,5.741194213
0.35,0.21,0,53.25,51,0.43066418,5.395448128,-1.380510202
0.3,1.03,0,66,67,0.245392833,4.622814793,-1.376833755
0.25,2.16,0,25.5,26.5,5.234940184,4.698989649,4.828927818
0.35,0.88,0,27.33333333,26.5,2.677448192,3.500665053,2.08132229
0.3,0.77,0,34.83333333,34,3.337525487,4.913547048,2.633719019
0.38,0.41,0,40.41666667,43.5,2.336762618,3.034221196,1.915928358
0.15,0.12,0,33.5,32.5,1.201476254,5.976690146,0.467194171
0.35,0.3,0,37.83333333,39,4.421644786,5.788839966,3.838126472
0.3,1.47,0,51.91666667,51,5.867687522,1.399855948,6.767036994
0.38,0.05,0,53.75833333,51,5.16499306,5.684984494,4.948396315
0.35,0.05,0,50,49,4.464569749,3.965205637,4.621847188
0.38,0.76,0,37.925,38.5,1.216901105,2.918145338,0.281628296
0.35,0.37,0,59.83333333,61.5,5.137978081,2.872167018,5.801511953
0.35,0.2,0,55.16666667,56,5.094336127,2.607208653,5.894830743
0.38,0.05,0,69.66666667,70.5,0.015442751,0.898495173,-0.33698607
0.35,2.71,0,82.41666667,82,2.913187965,0.458022367,4.164960589
0.35,0.2,0,36.16666667,37.5,4.671365318,0.153311678,6.182684092
0.38,0.75,0,36.83333333,37.5,1.621128076,3.198792814,0.736615476
0.35,1.5,0,52.16666667,54,3.903066258,5.06293608,2.97211182
0.38,0.01,0,46,45.5,2.026591836,1.116693345,2.368553263
0.38,0.1,0,36.83333333,37,4.855390043,0.067509603,6.63678461
0.25,0.52,0,81.41666667,80.5,1.521131714,0.52219108,2.151423687
0.3,0.02,0,63.91666667,63,0.817304267,3.217356414,0.091288623
0.15,0.27,0,48.83333333,51,3.003108897,3.191468835,2.934354906
0.35,0.58,0,58.08333333,56.5,3.277186816,2.002246826,3.520415813
0.25,0.32,0,33.35,31.5,3.338498933,4.946607784,2.85647172
0.25,0.15,0,59.16666667,61,2.903793449,3.187931699,2.795258887
0.15,0.05,0,45.91666667,45,0.746095331,1.628513411,0.60623262
0.25,0.4,0,80.91666667,80.5,4.4848271,3.381405596,6.254564951
0.35,0.03,0,84.25,84.5,3.664431203,2.95156681,5.414604358
0.3,0.27,0,32.75,34,3.885433507,3.011311971,4.066669968
0.3,1.31,0,62.75,64,1.465120885,3.230633788,0.542467014
0.38,0.23,0,79.41666667,80,3.899596999,4.230147766,4.648446132
0.38,1.07,0,76.825,78,3.69970032,4.217783767,4.109126713
0.38,0.03,0,22.5,24.5,0.260462742,2.996744825,-0.79072445
0.38,0.19,0,33.91666667,34,5.204218745,3.311629155,5.85120279
0.25,0.42,0,41.33333333,40.5,0.927556503,5.164984122,-0.236800402
0.38,0.28,0,76.5,77,3.524141652,3.335661053,4.319183627
0.35,0.65,0,33.5,35,0.698027233,1.219394476,0.288048698
0.35,0.09,0,52.08333333,53.5,3.519312596,4.42048478,3.172402331
0.15,0.04,0,48.425,46.55,3.422756471,1.699206309,3.675288995
0.25,0.03,0,83.49166667,83.45,5.23791178,1.433110872,7.673978811
0.38,0.1,0,52.5,52,1.537606027,2.105283971,1.283888408
0.25,0.46,0,41,41.5,2.388267491,1.104474321,2.594215784
0.38,0.02,0,70.91666667,70,2.455411718,3.872731255,2.279039764
0.3,0.28,0,77.99166667,78.5,1.936245969,3.453079028,1.928888954
0.25,0.2,0,71.08333333,70.5,0.862511814,1.6849704,0.832521794
0.15,3.59,0,50.91666667,51.5,1.148535662,1.246069513,0.595405585
0.38,0.77,0,82.83333333,83,2.859976048,3.70915151,3.885081549
0.38,1.4,0,38.58333333,38.5,2.076947307,0.670224245,2.07950207
0.3,0.72,0,58.425,58.5,2.890408461,4.54505855,2.178013435
0.3,0.55,0,38.08333333,40.5,5.843012098,3.447994874,6.396517265
0.15,0.12,0,32.33333333,33.5,3.477221585,1.215227774,3.798520657
0.3,1.27,0,51,51,2.326262888,5.727978591,0.924748177
0.35,0.02,0,45.40833333,44.5,0.196140316,0.87609809,-0.048844905
0.15,0.81,0,38.08333333,39,5.189587865,2.582566487,5.459141072
0.3,0.11,0,72.41666667,73,0.536432891,5.664839751,-0.53223991
0.38,0.46,0,36,37,2.04637804,1.605303699,2.03918629
0.15,0.22,0,47.66666667,45.5,2.373279741,1.17011035,2.52075515
0.38,0.03,0,82.66666667,83,1.274676201,1.564917952,1.807829378
0.38,0.09,0,22.33333333,23,1.861812141,3.576236312,1.176130956
0.15,1.12,0,70.16666667,70,4.594551398,1.749891753,4.960871285
0.15,0.28,0,52.16666667,50.5,4.776566908,0.814014668,5.328949744
0.3,2.43,0,45.91666667,46.5,3.12058222,1.117260001,2.992578886
0.35,3.41,0,51.5,50.5,3.481586955,3.269620736,2.362275132
0.25,0.56,0,42.41666667,44,0.333056586,4.101592759,-0.749077457
0.3,0.28,0,65.41666667,65.5,5.33177392,1.830484921,6.29816062
0.38,0.02,0,31.66666667,32,1.236127631,4.645549314,-0.067052608
0.25,0.18,0,39.75,41,2.486228949,0.015548001,3.058899186
0.3,1.15,0,35.41666667,33.5,3.531078608,4.285399109,2.959782458
0.38,0.91,0,53.5,53.5,3.883182488,5.114086946,3.069638793
0.3,0.4,0,73.58333333,75,0.243758892,2.087970543,-0.211218157
0.35,0.07,0,55.41666667,53.5,3.128848649,1.533536917,3.662707756
0.38,1.08,0,69.58333333,69.5,4.901563903,4.020709198,4.825888691
0.38,2.51,0,75.25,74,1.521037994,2.336665708,0.927635949
0.15,0.04,0,43.08333333,42.5,5.635913944,5.123765519,5.706736208
0.38,0.01,0,59.83333333,59.5,2.636136279,1.784416747,2.955989702
0.25,0.14,0,65.16666667,66,1.788620859,5.709111357,0.773498235
0.25,0.26,0,45.16666667,47,0.082526036,3.7887289,-0.90902468
0.35,1.19,0,55.74166667,58,2.949009995,1.638701847,2.991117847
0.3,0.37,0,59.66666667,61.5,0.94010749,1.457372921,0.673927861
0.35,0.04,0,49.075,50,1.363941941,1.257973666,1.387030838
0.35,0.79,0,74.08333333,74,2.177663238,4.428096937,1.864079463
0.25,0.08,0,82.5,83,4.756989098,1.584454849,6.92742679
0.3,0.76,0,59.83333333,61.5,5.251920505,3.23020175,5.630436132
0.38,0.3,0,78.33333333,78.5,3.250209899,3.00781766,3.991090594
0.3,0.01,0,73.5,72.5,0.977518198,1.150812614,1.136668185
0.3,0.1,0.01,47.66666667,47,1.707924043,0.774277489,1.945018009
0.3,0.27,0,76.41666667,77,2.20718803,0.144119607,3.063101971
0.3,0.52,0,52.25,52.5,2.901981188,4.512950647,2.26269035
0.35,3.21,0,77.41666667,75.5,4.71973809,2.620874876,5.478206408
0.25,0.35,0,28.08333333,28.5,0.075476943,5.138784908,-1.277850048
0.25,0.13,0,41.33333333,43,3.149244028,4.881368548,2.683712898
0.15,1.46,0,69.91666667,69,1.087824464,0.70671089,0.9259915
0.3,0.13,0,72.25,73,2.065063551,1.412077742,2.606073386
0.38,1.61,0,51.5,51.5,5.887945937,1.992176224,6.756538429
0.38,0.12,0,43.41666667,44.5,1.210675123,2.240724916,0.773656202
0.15,0.06,0,52.25,53,0.443414978,1.808088454,0.229713957
0.38,3.66,0,69.75,68.5,0.653599223,4.141870477,-2.062743853
0.15,0.79,0,38.43333333,36.1,3.673477302,0.138078566,4.085287112
0.35,0.53,0,41.83333333,43,1.366858824,4.98565296,-0.085219123
0.25,0.06,0,79.91666667,79,2.828699648,3.836848117,3.158802994
0.3,0.72,0,59.91666667,58.5,2.253439758,5.337266532,1.112291726
0.35,0.36,0,53.58333333,54,3.021499073,4.844575032,2.257422488
0.25,0.79,0,69.5,70.5,2.306075086,0.563747757,2.832416304
0.38,0.92,0,75.41666667,75,4.621517075,4.543376181,5.458400709
0.15,0.02,0,74,75,0.767585863,5.032414706,0.402599462
0.3,1.45,0,63.25,61,1.385011616,2.192059231,0.707897332
0.3,0.42,0,79.33333333,79.5,4.623514995,1.959853388,6.07615943
0.35,0.97,0,65.83333333,67.5,5.739909403,5.238986692,5.575732352
0.25,0.35,0,32.33333333,33,5.021802762,3.936924969,5.20552221
0.25,0.39,0,41.91666667,42,0.513582066,1.480912712,0.174249405
0.3,0.26,0,67.83333333,68,5.022971798,0.514369528,6.29755248
0.38,1.4,0,38.58333333,38.5,0.475160843,0.674129559,-0.132447269
0.25,0.21,0,16.83333333,18.5,3.755784077,3.81133827,3.689395528
0.3,0.37,0,70.08333333,70.5,5.012322016,0.23279202,7.031992279
0.3,0.83,0,44.58333333,44.5,5.105259376,5.080524352,4.863679884
0.3,1.45,0,40.83333333,40.5,0.781409399,1.564609547,0.111449355
0.15,0.98,0,76.83333333,77.5,4.084822122,5.405908122,4.44888532
0.35,0.21,0,49.83333333,48.5,5.162702776,4.642726526,5.271194463
0.25,0.8,0,47.58333333,48,0.357984179,1.151966648,-0.040511439
0.38,0.34,0,68.58333333,70.5,3.956299956,1.879433904,5.16227845
0.25,1.03,0,68.58333333,68.5,2.416602432,4.404183855,1.662207077
0.25,2.13,0,27.93333333,30.5,4.728856964,4.864930964,4.162338464
0.15,0.52,0,65.41666667,63,0.287951263,0.866851051,0.123116295
0.35,1.86,0,40.08333333,40.5,0.210699585,5.553926186,-2.310429726
0.35,0.2,0,34.66666667,35.5,5.32399314,5.831585559,5.076335793
0.3,0.58,0,42,42,4.547330675,0.875213274,5.474965896
0.35,1.38,0,42.83333333,43,1.984474259,0.008230538,2.193159562
0.25,1.11,0,72.33333333,73,4.154847684,4.192054452,4.718780355
0.25,0.12,0,45.66666667,45.5,3.700676971,3.667306562,3.679019573
0.3,0.03,0,49.41666667,49,3.269484643,0.139055046,4.199613523
0.25,0.03,0,76.15833333,76.5,1.129806105,4.850001637,0.638483088
0.3,0.5,0,79.25,79,1.706892263,1.336334022,2.027680782
0.3,0.01,0,55.66666667,55.5,3.618464058,4.708594871,3.288424814
0.25,0.36,0,76.25,76.5,0.540492049,1.828114139,0.332905166
0.15,0.33,0,41.75,41,1.72508117,4.311247934,1.287656156
0.3,0.43,0,83,83,0.616469005,2.126851973,0.578163852
0.35,0.3,0,35.41666667,36.5,2.46856446,0.786175291,2.952400669
0.35,0.27,0,47.08333333,47,5.88337815,3.477996852,6.630761605
0.38,0.44,0,82.58333333,82.5,1.761689974,2.879867102,2.286583847
0.3,0.04,0,59.16666667,60,1.926216996,5.70957869,0.779208488
0.38,0.08,0,66.25,66.5,4.457558095,4.305369587,4.484989728
0.15,0.24,0,29.175,28,1.459680276,1.457720434,1.423974252
0.3,0.62,0,34.41666667,35,4.985868727,4.379550009,4.981764342
0.15,0.12,0,68.91666667,68,5.976141506,1.433739336,6.639501831
0.3,0.54,0,35.58333333,38,1.071835466,1.52975166,0.772460608
0.15,0.01,0.01,24.33333333,23.5,0.383678959,3.365094101,-0.076533312
0.3,0.26,0,84.41666667,84.5,3.873200404,3.926076102,5.414281216
0.38,0.49,0,64.33333333,62.5,4.982432054,3.301812856,5.434867349
0.15,3.39,0,43.675,44,4.620214372,4.269683953,4.164293934
0.3,0.02,0,31.93333333,33,5.144780763,3.304267598,5.690934712
0.38,1.1,0,31.66666667,31.5,5.233674207,4.442747772,5.116226253
0.35,0.04,0,48.83333333,48,5.421304221,0.949227467,6.972531085
0.35,0.02,0,76.25833333,76.5,2.316245113,4.337634136,2.295745032
0.3,0.75,0.01,82.33333333,82.5,4.535170137,0.150296577,6.924220928
0.15,2.13,0,72.66666667,73,0.695446273,0.007260426,0.639297738
0.15,0.44,0,39.41666667,39,4.894792508,2.828622542,5.138718002
0.38,0.22,0,54,54.5,4.906836589,4.247174937,5.073908017
0.15,0.27,0,29.66666667,31,0.916477297,3.275118209,0.52218116
0.35,0.19,0,53.325,52.5,5.454884482,4.012242542,5.89330916
0.38,0.92,0,38.01666667,37.5,5.626477757,2.453935087,6.482443972
0.25,1.9,0,76.91666667,77.5,0.727874336,1.373575595,0.387031787
0.25,0.37,0,74.75,75.5,2.312552035,1.095599154,2.904959207
0.35,2.96,0,77.24166667,77.5,2.490622873,3.202748019,2.080853612
0.38,0.36,0,28.25,30,4.535090983,2.490615997,5.175191478
0.25,0.24,0,32.16666667,32,0.47571727,0.985472512,0.288278459
0.35,2.44,0,54.41666667,54.5,3.645047423,1.691413568,3.474819273
0.3,0.97,0,67.83333333,70,0.024251435,4.445637322,-1.593164331
0.35,0.57,0,53.24166667,51.5,0.4881757,1.538247764,-0.078849523
0.35,0.13,0,73.75,74.5,0.427485313,2.887737124,-0.157340305
0.25,0.22,0,53.16666667,53.5,1.820185514,0.611030549,2.067474256
0.38,2.08,0,44.24166667,43.5,4.170134662,4.061953552,3.420843484
0.25,0.03,0,55.08333333,54,5.218642136,4.923392119,5.28495464
0.3,1.34,0,50.75,49.5,2.892217751,3.757781579,2.230548603
0.15,2.3,0,42.5,43.5,5.984349159,0.559419365,6.453088629
0.38,0.09,0,32,31.5,2.273099374,0.552774228,2.89262293
0.35,1.29,0,55.5,55,1.442375902,4.012576565,0.09130567
0.38,0.03,0,79.75,80,1.205468709,5.654737255,0.209751383
0.35,1.22,0,64.41666667,65,0.968228056,2.206688405,0.107766934
0.25,0.61,0,45.83333333,46.5,5.723834143,4.572827523,5.859085798
0.15,0.08,0,42.9,41.95,4.68010484,4.586512575,4.68214368
0.35,0.24,0,71.08333333,71.5,3.779926859,0.776297034,5.346413414
0.25,1.52,0,40.25,39.5,5.728489227,5.006586176,5.528964989
0.38,0.27,0,78.15833333,78,5.318298593,2.96957443,7.149898551
0.25,5.19,0,38.08333333,37.5,0.631066118,5.230765182,-1.816358648
0.35,1.03,0,64,62.5,0.298558748,3.175352386,-1.068819025
0.3,2.07,0,44.08333333,45.5,2.051190117,5.083580884,0.520472886
0.15,0.4,0,44.16666667,42,1.609787826,4.119867587,1.173275862
0.3,0.24,0,78.5,79,1.160164133,5.291857569,0.414366757
0.38,0.03,0,76.41666667,75,3.865494814,3.991134326,4.721797844
0.35,0.38,0,16.66666667,16.5,1.289776595,1.100344295,1.223077899
0.25,0.12,0,66.08333333,67.5,2.883978209,5.846839942,2.113262776
0.25,0.42,0,28.75,31.5,2.152847039,2.499858566,1.961094157
0.35,0.02,0,69.66666667,68,0.683230101,1.471967972,0.400171846
0.3,0.18,0,68.08333333,69,5.57960238,4.770014403,5.768478773
0.25,1.47,0,55.75,55.5,0.515346773,4.871611165,-0.941219325
0.38,0.55,0,56.83333333,58.5,4.545241956,1.150256368,5.62633648
0.35,0.48,0,47.5,48,5.935707476,3.416689088,6.649363912
0.35,0.18,0,83,83,1.050020661,3.542091542,1.049667451
0.3,0.68,0,22.58333333,24.5,5.61166639,5.981741301,5.296643916
0.35,0.28,0,63.41666667,64.5,4.398136075,2.39316732,5.00187514
0.25,0.7,0,71.16666667,70.5,4.204219385,3.893306164,4.919556749
0.3,0.63,0,56.66666667,57,0.218947454,5.443943973,-1.537551501
0.25,0.51,0,60.66666667,61,2.486397415,5.704061483,1.554481398
0.15,0.01,0,82.08333333,82.5,3.972169757,5.709606024,5.052623813
0.35,0.35,0,53.33333333,52,4.643990853,5.184992877,4.332140145
0.25,0.07,0,81.25,81.5,2.40633909,0.043758285,3.595288849
0.38,2.99,0,61.91666667,63.5,3.3103633,0.21763826,3.349398815
0.35,0.07,0,32.33333333,33.5,1.500257093,3.932431202,0.624496154
0.25,0.04,0,73.58333333,74.5,1.273308364,4.850638991,0.833804189
0.15,0.79,0,36.41666667,34.5,1.11100155,0.466912174,1.089114956
0.35,1.95,0,29.75,29.5,4.223102703,5.732332404,3.012372308
0.25,0.1,0,65.75,66,3.492015838,2.215884675,3.786048629
0.35,1.19,0,26.91666667,26.5,0.504260168,1.515299364,-0.266103551
0.38,1.21,0,67.16666667,68,3.907806472,4.105625962,3.372835066
0.3,0.2,0,23.25,24.5,3.718877398,5.810483529,3.031395558
0.35,1.17,0,81.08333333,81.5,3.721133057,0.036602727,5.817080074
0.35,0.46,0,40.41666667,42,0.735384292,2.524431967,-0.051782395
0.35,3.75,0,73.91666667,74.5,0.757647934,2.922608878,-0.626452649
0.38,0.21,0,40.08333333,39,3.24540283,0.983867891,4.024986108
0.25,0.44,0,85.58333333,86,4.058997703,0.110762609,6.019651228
0.35,0.02,0,75.08333333,74,4.299066132,5.096884544,5.040931014
0.38,0.49,0,82.16666667,82,5.55463862,5.612176013,8.039068112
0.38,0.65,0,74.5,75,4.214286195,4.80907772,4.841449294
0.35,0.22,0,34.08333333,33.5,5.201364204,4.612271476,5.330546659
0.25,0.22,0,64.33333333,64,4.481213909,4.961344324,4.306181305
0.15,0.13,0,41.33333333,43,4.565631779,5.078700156,4.469171522
0.15,0.77,0,58.41666667,59.5,2.950312461,4.622841021,2.583933177
0.25,0.13,0,68,66,5.728748748,3.758070083,6.188918414
0.3,0.3,0,35.75,34,0.927269725,5.763974876,-0.613741821
0.15,1.04,0,45.16666667,46.5,0.191106465,5.737624605,-0.796871256
0.38,0.51,0,67.58333333,68.5,5.524519077,4.173329279,5.8441712
0.15,4.07,0,64.41666667,64.5,0.967364135,3.208734594,0.020658566
0.35,0.25,0,15,15,1.93052556,5.770532053,0.499023287
0.3,0.24,0,73.66666667,73,3.932497211,2.902542637,4.916398918
0.15,0.28,0,76.41666667,76.5,1.395989037,2.898691127,1.40832338
0.35,0.3,0,78.08333333,79,3.972227102,3.951100343,4.782843406
0.35,1.06,0,74.66666667,74.5,2.752392846,2.393191068,3.180840721
0.15,0.06,0,32.66666667,34.5,0.112184538,0.950819707,-0.022610737
0.3,1.23,0,28.91666667,28,1.584401076,2.917642272,0.815428718
0.3,0.16,0,39.16666667,39,4.914125974,2.593132818,5.562423921
0.15,0.33,0,79.41666667,78.5,0.720488996,0.458308349,0.82273389
0.35,0.26,0,22.83333333,24,4.56853342,4.832662589,4.385088211
0.25,0.04,0,36.75,36.5,1.404228641,4.909042921,0.518025071
0.35,0.64,0,34.08333333,34.5,0.113409246,3.064440674,-1.143451754
0.15,0.04,0,71.91666667,70.5,2.570681841,0.309220717,3.212625199
0.15,1.58,0,72.08333333,73,5.096877495,0.672411895,6.194153694
0.25,2.25,0,58.08333333,59.5,1.140972043,1.526285894,0.48214358
0.35,3.2,0,80.75,81,5.575234756,2.096133469,8.105056947
0.3,0.32,0,40.25,40.5,1.731649187,5.158367565,0.607633674
0.35,0.11,0,78.75,78.5,2.613553308,4.287493957,2.726784499
0.38,4.21,0,83.16666667,82.5,1.692575978,0.866696594,1.838333467
0.25,1.96,0,65.66666667,66.5,5.905984603,0.856402809,6.678380051
0.3,0.01,0,42.00833333,45.5,0.940249168,0.679656498,1.015426969
0.35,4.42,0,44.33333333,45.5,0.114467672,4.026473223,-2.801734271
0.38,0.51,0,42.5,43,0.618762723,3.262973131,-0.579837232
0.35,0.78,0,54,53.55,2.881556238,5.073605268,1.841339078
0.3,0.44,0,84.91666667,85,5.733849378,5.436616119,8.063312611
0.25,0.1,0,17.61666667,19,2.187500015,2.077941623,2.189889613
0.3,1.37,0,68.58333333,68.5,2.152676969,2.553609023,1.621397353
0.3,0.04,0,58,56,2.276601557,4.184008734,1.692379404
0.25,2.09,0,50,51,5.903544471,2.247081135,6.295160305
0.15,0.06,0,64.75,65,5.554398607,0.925175752,6.239782035
0.3,0.35,0,48.75,50,2.630852776,4.083682025,2.090004002
0.3,1.34,0,52.08333333,52.5,0.964012296,1.346414451,0.447291649
0.3,2.57,0,60.66666667,61.5,0.457471064,1.700852948,-0.686543501
0.35,2.23,0,80.41666667,80.5,2.16018549,0.319424756,3.053351161
0.3,0.37,0,17.66666667,19,5.683097595,4.698081784,5.867602338
0.15,1.32,0,61.66666667,60.5,4.157494433,1.158822152,4.409295275
0.25,0.26,0,71.33333333,71.5,2.517702298,5.330011135,2.413713572
0.15,1.14,0,69,70.5,4.847229342,0.660996695,5.861595614
0.38,5.6,0,72.41666667,73,2.366216984,0.868579853,1.748372123
0.3,0.2,0,44.83333333,44,4.735964972,2.685075218,5.291231899
0.35,0.46,0,57.08333333,54.5,1.228618128,1.593733323,0.939827809
0.3,0.59,0,55.08333333,54.5,5.141835428,0.714708299,6.292973567
0.15,0.06,0,55.5,58,5.751460186,1.200756885,6.425065682
0.3,2.53,0,79.91666667,80,2.845478897,4.094800718,2.578454661
0.3,0.08,0,25.41666667,27,0.312188144,3.85618294,-0.775010295
0.15,2.51,0,77.83333333,77,1.69286673,5.207565005,1.27325035
0.15,0.31,0,79.58333333,79,3.340589781,5.913961396,3.525650416
0.3,1.15,0,79.33333333,79,5.355209712,5.960237499,6.058146451
0.3,0.22,0,71.66666667,70,0.547204978,3.936421175,-0.223828292
0.3,0.87,0,83.25,83.5,5.940118203,5.120696334,8.367979947
0.35,0.7,0,74.16666667,74.5,5.62068569,0.113751831,8.133108394
0.25,0.15,0,16.91666667,18,1.145110991,0.758901938,1.204163255
0.3,0.16,0,44.66666667,45.5,2.75500474,0.745150917,3.309960886
0.25,0.08,0,68.5,68,4.170271167,1.011414971,4.939985216
0.38,0.08,0,29.58333333,29.5,4.413975589,1.4889251,5.495094775
0.15,0.12,0,50.49166667,51,2.30019603,5.922160628,1.73890134
0.38,0.17,0,46.91666667,48.5,3.707583694,4.764558632,3.241333217
0.38,1.19,0,74,74.5,5.853763319,5.459872533,6.990799047
0.15,0.86,0,43.08333333,43.5,2.729387797,0.421548678,2.946563665
0.38,0.59,0,71.25,72,1.891082579,0.786909192,2.478244235
0.38,0.05,0,85.66666667,86,0.009860608,2.664636321,-0.499451735
0.25,1.42,0,70,69,5.800652429,2.777489551,6.201443149
0.35,0.04,0,55.75,53,0.022319472,1.619182025,-0.550582421
0.15,0.6,0,61.5,63,2.410157352,5.732027449,1.821876837
0.3,0.08,0,78.25,79,5.516791507,0.098452197,7.848860111
0.25,0.04,0,71.41666667,71,2.755851385,0.908219152,3.611504563
0.38,1.93,0,56.58333333,55,2.685724654,0.164394603,2.910430074
0.3,1.25,0,77.75,78,3.399124844,2.964583492,3.912467241
0.38,0.62,0,59.50833333,58,2.473967406,1.348093888,2.666199343
0.3,0.06,0,60.16666667,63,2.736109043,2.49771314,2.789627814
0.15,0.39,0,76.41666667,77.5,5.682879962,2.939384672,6.814287376
0.3,0.28,0,83.5,83.5,3.26237603,3.334554373,4.547123452
0.15,1.83,0,75.58333333,76.5,5.795901406,5.505785897,6.506539365
0.25,0.02,0,34.6,35.1,5.465302456,3.675000649,5.907877908
0.25,0.16,0,71,71.5,1.406914491,1.266253121,1.667084965
0.15,1.38,0,46,45,2.161086888,5.956224667,1.384816221
0.15,0.01,0,50.425,53,4.357553172,1.30468616,4.813983223
0.25,0.81,0,57.75,58.5,0.925189014,4.589045289,-0.193275055
0.35,0.1,0,29.58333333,29.5,4.095497264,5.791466116,3.466908166
0.25,0.63,0,33.01666667,32,4.485710886,2.351405806,4.861787155
0.3,1.89,0,78.08333333,77.5,1.170450791,5.938993609,-0.087778931
0.3,0.93,0,79.08333333,79.5,3.076535997,4.235649589,3.237175318
0.35,2.06,0,62.91666667,62.5,4.943964562,2.932781291,4.926878706
0.3,1.58,0,48.08333333,47.5,4.832334841,1.740162244,5.28598662
0.3,0.92,0,79.91666667,79.5,1.665766624,3.214122089,1.451868803
0.35,0.56,0,80.83333333,81,3.088776574,5.619189658,3.92245986
0.38,0.77,0,48.76666667,49.5,5.464749609,2.453577352,6.316395067
0.25,0.7,0.01,28.675,29.5,0.03590197,3.112761194,-0.920812836
0.3,1.3,0,51.83333333,52,4.651547013,5.281221067,4.072644797
0.25,0.86,0,44.58333333,45.5,3.70961414,1.081923889,4.151536702
0.15,1.01,0,33.41666667,33,4.98805992,0.99425778,5.435630241
0.38,0.74,0,69,70.5,1.80966799,1.59848745,1.858450778
0.35,0.06,0,57.83333333,58.5,1.116418964,0.391417496,1.349169478
0.35,0.23,0,56.925,55.5,3.799297525,1.939957749,4.369566447
0.15,0.01,0,69.25,70,4.131611706,5.103433152,3.98433849
0.38,0.28,0,30.75,31.5,3.647641631,1.261849883,4.447842495
0.25,0.01,0,56.5,55.5,4.546739042,2.822945283,4.975187482
0.35,0.36,0.01,29.66666667,28.5,5.939670926,0.723340806,7.625886467
0.15,1.89,0,70.16666667,70.5,1.805951178,2.285601814,1.814773036
0.3,0.22,0,39.83333333,39,3.309574251,5.593472785,2.558404691
0.38,0.07,0,52.83333333,51,2.747438633,1.395739271,3.23448439
0.3,0.08,0,76.25,75,0.39271987,3.094080082,-0.152578604
0.3,0.97,0,71.5,72,0.218401398,3.105598998,-0.604695776
0.15,0.92,0,54.58333333,54,2.71265578,5.816412237,2.109092311
0.35,0.59,0,36.58333333,36.5,2.739674276,2.146678955,2.740722639
0.38,0.74,0,58.08333333,59,0.962989283,2.094721495,0.251731043
0.15,0.79,0,82.33333333,82.5,2.680206606,5.283279091,3.243189184
0.25,0.92,0,33.09166667,32.55,5.612492829,4.771382023,5.592770531
0.25,0.23,0,40.16666667,40,1.955922764,0.375594959,2.293504716
0.3,0.05,0,49.75,49,3.548016046,1.217011326,4.232317462
0.15,0.94,0,71.65833333,72,5.536112562,2.815910952,6.580642409
0.3,0.2,0,47.58333333,49.5,1.190146256,4.101004507,0.256888781
0.35,0.75,0,66.66666667,65.5,1.442869127,0.392274718,1.54807717
0.35,1.65,0,71.5,70.5,3.37988269,4.530048722,3.396863006
0.35,0.55,0,46.075,44.5,4.057457398,5.359476285,3.409250787
0.15,4.61,0,47.23333333,45.95,1.350748869,4.740078629,0.150849405
0.15,0.1,0,42.16666667,40.5,2.008914234,4.553280421,1.612259306
0.15,1.41,0,52.41666667,52,4.884604327,1.511990446,5.178996409
0.38,0.04,0,73.91666667,74.5,4.221574974,1.015359351,6.107573395
0.35,0.02,0,57.15833333,55,2.41847424,3.592035649,2.000727747
0.3,1.78,0,69.83333333,70.5,3.427685764,5.896226639,2.598722651
0.35,0.27,0,45.5,45.5,4.972977758,1.153613099,6.215255389
0.35,1.43,0,52.41666667,53.5,4.366352701,5.65023825,3.416492759
0.3,1.32,0,36.75,37,5.499359219,0.165339133,6.703565244
0.25,0.09,0,67.75,67,3.336875844,0.971886389,3.905623207
0.25,1.71,0,34.41666667,34,5.962673221,4.795534255,5.826957962
0.35,0.43,0.03,82.5,82,5.803464225,0.368153008,9.213335269
0.3,1.57,0,43.925,45.5,0.329185165,2.054551648,-0.65942478
0.25,0.22,0,67,68,3.559536332,5.507388729,3.017573233
0.3,0.26,0,38.41666667,38,4.032250642,5.502375866,3.513213075
0.35,0.01,0,30.84166667,31.55,5.367324794,1.489576555,6.721036678
0.35,0.12,0,74.51666667,74,0.567177661,0.499336722,0.679682937
0.35,0.19,0,66.41666667,65,4.985717936,1.588818954,6.10813258
0.15,2.84,0,39.75,40,1.447990708,3.621806075,0.695918403
0.38,0.21,0,65.66666667,66,4.747602488,0.220818111,6.387980551
